PRAGMA foreign_keys = ON;
PRAGMA encoding = "UTF-8";

/*----------------------------VALUE INSERTIONS-----------------------------*/

INSERT INTO Person (NIF,name,birth_date,email,phone,password) VALUES (873921262,"Jacob","1965-09-15","mi.fringilla@urnaNullam.ca","961328303","ENA51FSW8DQ"),(279578726,"Shad","1968-11-20","fermentum@nonsapienmolestie.co.uk","982212979","QMJ55FLK7YM"),(520227429,"Shafira","1998-04-08","interdum.Nunc.sollicitudin@pedeNuncsed.org","966930702","LOG76GWL9BC"),(411920674,"Nicholas","1952-04-21","nascetur.ridiculus@enimnonnisi.net","237086657","SLV20SGA8XX"),(335210975,"Raven","1993-06-10","Mauris.vel@risusNullaeget.com","207592151","MYP23ULY4GH"),(514779307,"Oliver","1964-10-15","consequat@nislQuisque.com","928646230","TEI05HIJ8RH"),(768653688,"Ashton","1961-11-27","rutrum@vitae.com","281468510","UXL31SVD8NY"),(358887429,"Bevis","1963-10-27","a@vitaeposuere.co.uk","912462660","ITI64FXM9JB"),(742917563,"Russell","1976-07-15","non.hendrerit@necmauris.edu","269719289","WLT56VNI1HP"),(492538366,"Joel","1966-08-25","tincidunt.orci@libero.com","966774572","RQL83VBY4SP");
INSERT INTO Person (NIF,name,birth_date,email,phone,password) VALUES (431000518,"Galvin","1990-04-08","Quisque.ac.libero@metusurna.co.uk","206846560","SBX47QRT3AX"),(691427753,"Walter","1942-11-12","Sed.dictum@nonummy.ca","987771945","LLN77QLN2RS"),(707003839,"Vernon","1963-10-10","molestie@sitamet.org","991242611","YQP66PAI4OC"),(268546757,"Leah","1989-01-30","dignissim.pharetra.Nam@pharetrafelis.ca","974728682","PTA59SFN2NK"),(843046529,"Joel","1979-11-02","Nunc.ullamcorper.velit@sem.ca","935654944","PSZ94HIA5CP"),(648928096,"Mariko","1971-09-27","Suspendisse.aliquet@tristique.co.uk","942718246","YPH56QKU6WT"),(162231719,"Jermaine","1978-04-23","non.leo@venenatis.net","223154008","LIX59AZO6DO"),(512506114,"Graham","1956-12-06","vitae@sagittisNullam.com","279632816","FDQ92YHG6DX"),(253043698,"Fritz","1986-12-08","ipsum.primis.in@cursuset.edu","932075987","FIB13BJW5MF"),(346576683,"Mona","1987-11-14","mollis@porttitor.co.uk","971205332","HLM58TZE3RD");
INSERT INTO Person (NIF,name,birth_date,email,phone,password) VALUES (474160997,"Otto","1960-04-09","turpis@mauris.co.uk","224690542","PZW70GDK1FO"),(447472586,"Jana","1956-12-15","eu@laoreetipsumCurabitur.org","294446573","TVC36LED3IT"),(871755855,"Quin","1997-12-21","lorem.fringilla.ornare@Quisquetinciduntpede.co.uk","297978343","ZZP89FVL1BF"),(592043942,"Colby","1951-11-13","nec@lacus.co.uk","921969558","FTZ61SRO0LA"),(844836068,"Dalton","1972-09-10","libero.Morbi.accumsan@luctusvulputate.co.uk","250504939","KRS09EOM1YL"),(885022696,"Salvador","1976-01-30","Praesent.eu.nulla@pretiumet.org","967428236","GUM80WBA2HH"),(287717719,"Mohammad","1946-02-18","malesuada.fames@vitaevelit.co.uk","246693774","JQB74JGW8WO"),(587213869,"Hanae","1994-09-09","orci.in.consequat@quispedeSuspendisse.co.uk","235091011","UNJ53BTG1RT"),(843969802,"Ali","1945-10-04","venenatis.a.magna@volutpatNulla.edu","906484196","OFK26ZTN9CF"),(301486222,"Hedwig","1944-11-10","tristique.pellentesque.tellus@Sed.com","293021848","VVZ44PKJ8FE");
INSERT INTO Person (NIF,name,birth_date,email,phone,password) VALUES (382183201,"Mari","1995-08-22","pede@Aliquamfringillacursus.org","237807224","CQH52SPU6AL"),(983684196,"Clarke","1943-09-11","Duis.risus.odio@faucibusutnulla.org","206817964","PGJ45NHV6DI"),(395576787,"Raymond","1952-12-14","arcu.Nunc.mauris@Etiamgravida.ca","221232094","URN07SHN2HK"),(531090423,"Rebecca","1968-08-10","dui@Fuscealiquet.com","922537841","BVS43LLQ4UC"),(921661891,"Aline","1989-11-19","nunc.In.at@vulputatemaurissagittis.org","259714382","VIH44SXC5OQ"),(648130599,"Chaim","1966-01-07","Cras.dictum@pharetraQuisqueac.net","934130559","ADQ84QHA4WX"),(428954611,"Alec","1952-08-13","vitae@urna.net","208567134","YGP57IMJ2DE"),(698118197,"Jorden","1974-12-05","magna.a@gravida.net","244721490","FLF88WXQ8GW"),(126903973,"Halee","1992-04-25","Sed.neque.Sed@odiosagittis.edu","980308653","FOU71GRE5MK"),(938134579,"Keane","1955-09-05","dignissim.Maecenas.ornare@SuspendisseeleifendCras.org","971942552","JYL89YZY1EP");
INSERT INTO Person (NIF,name,birth_date,email,phone,password) VALUES (369476046,"Echo","1981-07-03","nunc.nulla@egestasrhoncusProin.com","224250015","CJT25FBN6XB"),(599178914,"Gavin","1969-12-18","accumsan@aliquetProinvelit.net","222556245","PDU57FKN3VB"),(496265176,"Wylie","1952-08-02","Nam.ligula@bibendumDonecfelis.co.uk","914569013","HSV86JVX7DE"),(249687170,"Thor","2000-05-14","et.eros@cursusluctus.net","299746257","GNP93KPC4NA"),(499050546,"Macaulay","1993-03-08","dui.semper.et@fringillaornareplacerat.edu","223820013","HVC79GYS7WP"),(448328613,"Talon","1948-01-03","enim.condimentum@mollisDuissit.co.uk","995159928","KEI36PZO5KQ"),(133358654,"Graham","1979-06-23","venenatis.vel@felisNullatempor.ca","263582210","WEM58AKY2PY"),(852266389,"Brooke","1975-09-30","Fusce.mi@ut.com","261965015","QJP28LDH5MP"),(477731170,"Ashton","1976-08-07","sodales.nisi.magna@risusDonecegestas.edu","953059023","TUE25VFY5AZ"),(759673622,"Patricia","1976-08-25","Phasellus.fermentum.convallis@dolorelitpellentesque.ca","904550918","YDB19XDH3OT");
INSERT INTO Person (NIF,name,birth_date,email,phone,password) VALUES (473210637,"Amity","1956-08-16","Vestibulum@Donec.co.uk","255270040","QSF99NKN2GC"),(527976925,"Griffith","1984-08-16","Nunc.sollicitudin.commodo@Aeneansed.ca","263989629","ENR32NWE2QI"),(576134369,"Charde","1976-02-26","felis.ullamcorper.viverra@lectus.net","938034029","RKH26QBA5ED"),(933512498,"Ferris","1977-03-10","Duis@placeratCrasdictum.ca","283491228","EVS35BNY0HV"),(806213171,"Camilla","1945-08-13","Ut@nulla.org","292562262","BNT34BIS4XK"),(100632710,"Rooney","1952-10-05","pellentesque.tellus@iaculis.org","259351173","MIL28SLX7JD"),(974058479,"Ayanna","1948-04-17","Mauris.non@tellus.ca","225232642","WIP25QGM4OW"),(951564050,"Thaddeus","1976-07-03","sit.amet.luctus@Vestibulumanteipsum.co.uk","209616743","NRA95BSW6QS"),(174731120,"Fuller","1970-10-28","sed.pede@dapibus.ca","256465043","ACB87XXW7ER"),(492162055,"Merritt","1942-11-19","cursus@porttitor.org","258766458","XBK45ENZ5AS");
INSERT INTO Person (NIF,name,birth_date,email,phone,password) VALUES (880288824,"Lucius","1979-12-11","justo.nec@Etiam.net","276241193","PIX91EGG8AI"),(151830382,"Alfreda","1957-07-08","Integer.vulputate.risus@eros.ca","962283006","DCR29BGV1PY"),(169148781,"Dustin","1957-01-12","erat.volutpat@Aliquam.co.uk","918641168","IOF94OWU4SX"),(252368924,"Neil","1953-10-21","odio.Nam@luctussit.ca","262435412","FRX87FGR5IK"),(166516989,"Buffy","1942-08-12","tempus.eu.ligula@ullamcorpervelit.edu","276595669","YTZ47IVR8JR"),(377456814,"Iola","1955-05-22","sit.amet.ante@et.ca","223956336","NKN68GJP0HU"),(773406149,"Neil","1988-08-09","consequat@convallisantelectus.co.uk","990631930","CCH35GZF1RN"),(285746511,"Igor","1943-10-25","laoreet.ipsum.Curabitur@eros.co.uk","261955515","TSB82AYP7LS"),(523331243,"Paloma","1993-06-16","ipsum.ac@semutdolor.co.uk","999967850","FKG31LQG1LW"),(574166122,"Thomas","1949-09-17","libero.Proin.mi@ametconsectetuer.co.uk","993367055","EAA38ZNM1DP");
INSERT INTO Person (NIF,name,birth_date,email,phone,password) VALUES (148204355,"Alika","1999-03-18","Cum.sociis.natoque@nisimagnased.ca","901739211","BAM28EIP9TT"),(105484552,"Audra","1969-07-07","odio.semper.cursus@eu.org","242395532","BFJ03JLN3DU"),(540432396,"Harlan","2000-09-27","lacus.pede@Aliquamauctor.ca","256926485","YHO42XKX6RD"),(638706808,"Carter","1977-05-01","Aenean.sed@miloremvehicula.org","946886035","GDN86VZF7TF"),(493121180,"Garth","1942-11-26","sit@enim.edu","956744169","PUX66UWG7AK"),(165715094,"Rajah","1945-05-14","Quisque@etrutrum.ca","206982870","GUD25QZR1YO"),(796057784,"Mufutau","1960-08-31","nec@Integeraliquamadipiscing.co.uk","971943564","DLQ67FYZ1GY"),(316499309,"Charissa","1998-12-10","Mauris@Phasellus.com","911650274","JAJ29ZZS3KF"),(482738133,"Oleg","1986-01-04","sem@montesnascetur.com","948031255","JBJ25DFA9AN"),(586842730,"Kane","1986-03-15","molestie.tortor.nibh@urna.edu","906353592","TBG25GXI0EP");
INSERT INTO Person (NIF,name,birth_date,email,phone,password) VALUES (350144862,"Kelsie","1958-12-23","vel.arcu.eu@ipsumprimis.ca","913066471","OXU10BIQ0MF"),(340097000,"Allistair","1948-11-23","Integer.mollis.Integer@Donecluctus.ca","294795960","WUV73PNU9YM"),(735050264,"Brenna","1960-07-20","a.ultricies@necorci.co.uk","980116887","CEK52CEB5YB"),(407479535,"Brenna","1960-02-07","accumsan@facilisisfacilisis.ca","290350515","FNA29USD5OJ"),(252108013,"Illana","1965-02-20","justo@fringillaornareplacerat.edu","251724836","YZC13AUN7ER"),(902088690,"Alika","2000-11-16","nulla@interdumSedauctor.org","936123153","HFK07TLQ2DX"),(112263804,"Avye","1992-11-06","Nunc.quis@Maecenasmalesuadafringilla.edu","983268157","POZ36TGL4GU"),(424942293,"Ariana","1978-11-08","Quisque@dolorquamelementum.net","966523319","MVL48BXC4PL"),(447505888,"Nichole","1945-09-28","aliquet.vel@ipsum.net","926989677","JIX58COL6VL"),(521038698,"Iris","1960-04-26","Nulla.tincidunt.neque@arcu.org","969371514","TDR72FOG3MN");
INSERT INTO Person (NIF,name,birth_date,email,phone,password) VALUES (554106297,"Lane","1952-12-30","dui.nec@dictummagnaUt.net","908423259","TOH70ZGR4HD"),(326210580,"Kevin","1958-05-09","Pellentesque.ut@arcu.ca","990679065","PRL82JSX9AQ"),(508039346,"Ora","1958-07-23","molestie@Maecenas.edu","295171322","DHZ88WOU8VZ"),(823377558,"Whoopi","1977-06-06","sed@tristiqueaceleifend.ca","908651521","KZC42WZP3RN"),(182513043,"Shoshana","1947-05-23","volutpat@tellusAenean.co.uk","277840174","TBA60VGF6JL"),(241682423,"Adria","1951-04-11","Nullam.vitae.diam@perconubia.org","943488506","AZB62XMJ3XB"),(248520553,"Myra","1983-10-01","fringilla.purus.mauris@hymenaeosMauris.co.uk","952425767","YMH10ZBH2NS"),(171102517,"John","1996-11-21","In@ridiculusmusProin.org","269202325","KMT93IFC7BL"),(928718869,"Kalia","1990-01-05","ridiculus@pellentesquetellussem.net","296787120","WJI07RGO4DF"),(758562758,"Glenna","1974-12-13","urna.convallis.erat@mauriserat.net","908556900","GUO39MKL4MW");
--SELECT * FROM Person;

INSERT INTO Driver VALUES(873921262,"01-01-01",12345678901, -1);
INSERT INTO Driver VALUES(431000518,"02-02-02",12345678902, -1);
INSERT INTO Driver VALUES(151830382,"03-03-03",12345678903, -1);

--SELECT * FROM Driver;

--SELECT name FROM Person JOIN Driver WHERE NIF = driverNIF;

INSERT INTO Demand(DemandID, date, delivery_fee, price, driverNIF) VALUES (1,"01-01-01",1,2,873921262);
INSERT INTO Demand(DemandID, date, delivery_fee, price, driverNIF) VALUES (2,"01-01-01",1,2,431000518);
INSERT INTO Demand(DemandID, date, delivery_fee, price, driverNIF) VALUES (3,"01-01-01",1,2,151830382);
INSERT INTO Demand(DemandID, date, delivery_fee, price, driverNIF) VALUES (4,"01-01-01",1,2,873921262);
INSERT INTO Demand(DemandID, date, delivery_fee, price, driverNIF) VALUES (5,"01-01-01",1,2,431000518);
INSERT INTO Demand(DemandID, date, delivery_fee, price, driverNIF) VALUES (6,"01-01-01",1,2,151830382);

--SELECT * FROM Demand;

INSERT INTO Review(reviewID, rating, demandID) VALUES(1,1,1);
INSERT INTO Review(reviewID, rating, demandID) VALUES(2,5,2);
INSERT INTO Review(reviewID, rating, demandID) VALUES(3,4,3);
INSERT INTO Review(reviewID, rating, demandID) VALUES(4,3,4);
INSERT INTO Review(reviewID, rating, demandID) VALUES(5,5,5);
INSERT INTO Review(reviewID, rating, demandID) VALUES(6,4,6);