PRAGMA foreign_keys = ON;
PRAGMA encoding = "UTF-8";

/*----------------------------VALUE INSERTIONS-----------------------------*/

INSERT INTO Person (NIF,name,birth_date,email,phone,password) VALUES (742045342,"Akeem","1970-03-14","In@sitametorci.org","268099832","CQC97NBB0QR"),(742045343,"Logan","1993-07-28","Integer.urna.Vivamus@Quisque.net","251772712","AGL42MUT2ZY"),(742045344,"Vincent","1960-08-03","libero@ornare.ca","972705085","CBD56NZU3EN"),(742045345,"Micah","1955-02-06","consequat@Etiamligula.com","952143078","XBI34LNO3AQ"),(742045346,"Patricia","1993-01-12","Sed@velitCraslorem.org","963641932","CEB52JPA5MK"),(742045347,"Chester","1948-12-07","rhoncus.Nullam.velit@egestasa.edu","237830310","IOU48ZYF9QB"),(742045348,"Sandra","1965-09-19","Duis.elementum@Phaselluslibero.edu","203056052","VUE61ZGF2FK"),(742045349,"Jocelyn","1946-03-19","id.magna.et@urna.edu","934650522","ZZU49HWU9AF"),(742045350,"Linda","1953-12-19","tincidunt@vitae.co.uk","281238380","QHU17IHJ7XY"),(742045351,"Joel","1984-08-19","magna.sed.dui@cubiliaCuraePhasellus.net","267832563","KMI98EFO5UH");
INSERT INTO Person (NIF,name,birth_date,email,phone,password) VALUES (742045352,"Tad","1978-08-14","metus@elit.ca","293107857","GZV96ELK2KM"),(742045353,"Wendy","1968-04-23","vitae@Suspendisseeleifend.co.uk","292045745","CPI65ORN0SR"),(742045354,"Ezekiel","1963-06-19","lacus.Quisque.purus@diam.edu","217327765","LJF47EYQ2JD"),(742045355,"Elmo","1969-01-06","montes.nascetur.ridiculus@egettincidunt.org","287806400","EYM29NCX1QY"),(742045356,"Tobias","1973-02-22","sem.ut@ascelerisque.org","238175295","KPR16UVL2PC"),(742045357,"Alec","1972-06-23","blandit@velitin.org","258684447","LNF68WZT9XQ"),(742045358,"Xander","1996-10-07","Sed@cursusaenim.edu","902417762","BED98BJB8KX"),(742045359,"Todd","1982-12-28","sed.pede@aliquetvelvulputate.co.uk","918221866","THQ13PII3UH"),(742045360,"Petra","1956-06-06","vulputate.nisi@sitametconsectetuer.net","246147685","IIW44EML7OO"),(742045361,"Xanthus","1953-02-27","diam.Proin@nibhdolor.org","230884686","DZT92OBQ2BT");
INSERT INTO Person (NIF,name,birth_date,email,phone,password) VALUES (742045362,"Hope","1980-11-07","aptent.taciti@Nullamutnisi.net","951625471","GBH36BAK3SI"),(742045363,"Kiara","1943-04-17","aliquam.iaculis.lacus@FuscefeugiatLorem.net","224488960","FZM69JRC9CJ"),(742045364,"Roth","1998-08-18","luctus@hendreritnequeIn.co.uk","219456842","JRH77TPE2SS"),(742045365,"Baxter","1944-11-08","ac.eleifend@Fuscedolorquam.org","948280363","PVC70CDY2FR"),(742045366,"Julian","1945-03-23","ut.nisi@diam.org","217126316","UMX31AVC7FY"),(742045367,"Marvin","1967-04-28","nec.tempus@lobortisnisi.net","254765974","ORT19NTG8GD"),(742045368,"Reed","1985-05-10","ut@nequeNullamut.edu","987911269","OHU30OTI4HD"),(742045369,"Boris","1987-03-18","vel.vulputate.eu@miDuisrisus.edu","285244135","YLO64UDC4PI"),(742045370,"Vincent","1975-05-25","varius.orci@nibh.org","979337638","CQX18LKF2JL"),(742045371,"Kasper","1972-06-21","magna.nec@eros.edu","295133462","WPH43HFK2PY");
INSERT INTO Person (NIF,name,birth_date,email,phone,password) VALUES (742045372,"Lila","1961-02-24","ut.dolor.dapibus@Donecluctusaliquet.ca","917104052","LHX91CKZ1BS"),(742045373,"Cullen","1954-02-25","enim@Nullam.com","924144498","FYW20TZK4LM"),(742045374,"Montana","1975-02-12","Phasellus.dapibus@turpisNulla.net","914756418","MXH77UNO7NN"),(742045375,"Jordan","1985-07-15","Suspendisse.sed@egestaslacinia.edu","239028234","EWC17MMW6WU"),(742045376,"Patricia","1951-06-09","tincidunt.vehicula.risus@sedhendrerit.net","997838361","AFT94XBJ3AF"),(742045377,"Erica","1999-08-03","velit.eget@laoreet.co.uk","244464695","VTA62YDF6LH"),(742045378,"Clarke","1990-10-21","aliquam.eros@loremauctorquis.edu","930272292","XBV43UUJ1RT"),(742045379,"Ivor","1975-09-02","est.ac.mattis@duiSuspendisse.com","941380382","ULR16EAQ2HJ"),(742045380,"Olympia","1970-07-17","libero.dui@mauris.edu","227638972","DJN53YGN3MC"),(742045381,"Shelby","1961-10-17","in@ac.net","960054568","OBE06GAH9ZD");
INSERT INTO Person (NIF,name,birth_date,email,phone,password) VALUES (742045382,"Shannon","1995-05-26","egestas@Aeneanegetmetus.edu","977935995","BGB68XLB8HQ"),(742045383,"Solomon","1965-09-30","lectus.sit@penatibus.edu","929407093","HRA66IUS2YL"),(742045384,"Willa","1963-06-12","tellus.Aenean.egestas@Quisque.ca","964260734","NFY20KBN8HY"),(742045385,"Jordan","1970-11-23","enim@ligulaAeneangravida.com","995381017","UQJ16HRX2BC"),(742045386,"Remedios","1945-12-12","Curae.Donec.tincidunt@in.net","954888350","GQQ44ILN2HW"),(742045387,"Sean","1968-02-05","lectus.justo@risus.ca","260805624","UWR05CQB9AS"),(742045388,"Ignatius","1977-04-14","ullamcorper.magna.Sed@cursusNuncmauris.org","209891182","NGV00QWX8QX"),(742045389,"Helen","1988-11-30","sodales.nisi.magna@libero.com","230617072","BBX42YLZ0VY"),(742045390,"Hector","1965-05-30","et@gravidaPraesent.net","966885465","GKG67OBF3LY"),(742045391,"Amal","1995-11-09","quis.tristique@malesuada.com","226770737","YQD65RFV8AJ");
INSERT INTO Person (NIF,name,birth_date,email,phone,password) VALUES (420205342,"Kane","2000-03-05","auctor@nonummyut.co.uk","951602285","JHJ05JBR5LA"),(420205343,"Heather","1953-07-20","mollis.Duis@metusVivamus.net","978811766","DQS04ESY7GH"),(420205344,"Mechelle","1950-12-10","eu.accumsan@ridiculusmus.co.uk","267907874","APS82KAR9BU"),(420205345,"Kennan","1964-09-18","est@aliquetProinvelit.net","985437188","SLA11JPK6SS"),(420205346,"Kyle","1989-06-28","vitae@milacinia.com","220021445","PHA33OSP2ZS"),(420205347,"Lillian","1942-12-26","diam.lorem.auctor@nonluctus.ca","220457056","NQA17TOG4ZL"),(420205348,"Aphrodite","1956-12-27","amet.diam@semNulla.edu","971140589","CJV86DWI4XR"),(420205349,"Ezekiel","1976-06-23","nec@Fuscemi.co.uk","932531077","URI93DQJ7UR"),(420205350,"Susan","1978-04-21","consectetuer.adipiscing@famesacturpis.org","958433867","MLC51NCY5SJ"),(420205351,"Wade","1958-12-08","dolor@semmollisdui.com","994585156","JLA58QXN5MZ");
INSERT INTO Person (NIF,name,birth_date,email,phone,password) VALUES (420205352,"Anjolie","1948-11-17","velit.Sed@Mauris.com","282171035","TRR99UKZ1TV"),(420205353,"Pearl","1985-08-02","Donec.fringilla@augue.ca","907228417","QUX08YUD3LS"),(420205354,"Roth","1975-01-13","Praesent@eget.edu","267118461","ROO43YUI1YI"),(420205355,"Chloe","1952-02-22","lorem.ac.risus@massanonante.edu","223627103","DFZ70MKC9BB"),(420205356,"Ryan","1995-12-12","est.tempor@mi.com","943125442","FSX37RZJ8PP"),(420205357,"Rahim","1963-09-27","ipsum@Nunc.edu","911565362","NBU69BBY8UE"),(420205358,"Gisela","1971-04-30","auctor@estarcuac.co.uk","947067582","LGO16WFH7BQ"),(420205359,"Allistair","1961-06-02","Mauris.vel.turpis@aneque.net","210948749","KAW44RCW3MP"),(420205360,"Kelly","1973-02-12","turpis.In@tempuseuligula.ca","265210349","AHD72SSH3CE"),(420205361,"Macon","1949-10-25","ultrices.iaculis@sociis.edu","913746033","GUE22ELH2GP");
INSERT INTO Person (NIF,name,birth_date,email,phone,password) VALUES (420205362,"Nicholas","1977-11-08","rhoncus@cursuspurusNullam.org","204347256","DXG67BOY4VC"),(420205363,"Noelle","1976-02-01","tortor@sem.ca","920871588","WOC64UHO8LA"),(420205364,"Donovan","1961-09-20","blandit@gravida.ca","966003220","YKU56IQT6OI"),(420205365,"Amir","1978-07-20","egestas.urna@interdumfeugiat.org","239750332","ULM64TQS2TZ"),(420205366,"Julian","1983-02-12","cursus.et.magna@iaculisnec.ca","994456973","LDK93MFZ3TB"),(420205367,"Damian","1988-08-20","cursus.et@disparturientmontes.com","925452754","BFQ29NIS5LT"),(420205368,"Nita","1984-11-19","Lorem.ipsum.dolor@non.org","229401219","UJE39XLW9AJ"),(420205369,"Barrett","1961-08-24","lacus.Cras.interdum@nequenonquam.ca","918489324","YGN50KCA8NR"),(420205370,"Yuli","1948-03-17","magna.nec@parturientmontes.edu","236597578","SHS75VZR9OS"),(420205371,"Jacqueline","1987-05-20","penatibus.et@Nunc.org","956355545","NGM55QBE0HO");
INSERT INTO Person (NIF,name,birth_date,email,phone,password) VALUES (420205372,"Keith","1966-10-28","mauris.rhoncus.id@ac.com","984745117","JFG83NSL7RU"),(420205373,"Gail","1974-05-26","penatibus.et@mi.ca","941174852","DJY59ZAD7IU"),(420205374,"August","1947-01-05","auctor.ullamcorper@egestasSed.edu","210704678","JOB71EAM4HJ"),(420205375,"Fulton","1971-07-10","Duis@Curabiturut.com","920474411","PEB88QAZ7KV"),(420205376,"Cora","1952-07-09","accumsan.convallis@auguemalesuada.net","934714105","XFG93NFT6DR"),(420205377,"Demetria","1943-03-03","Praesent.eu.dui@nec.ca","942864136","SZX65ULV8ZI"),(420205378,"Hilda","1994-04-26","porttitor@vestibulum.edu","913190831","ICV75LVX3BC"),(420205379,"Phelan","1960-11-14","sed.dui.Fusce@arcu.co.uk","999228107","BZJ66IIQ8CB"),(420205380,"Lyle","1963-02-25","Curae.Donec@primisinfaucibus.com","239226418","NHG84OTN0DO"),(420205381,"Priscilla","1944-07-18","pede.Praesent@odiotristiquepharetra.net","225219106","YXJ58QOX9EG");
INSERT INTO Person (NIF,name,birth_date,email,phone,password) VALUES (420205382,"Jorden","1973-12-17","amet.lorem.semper@mollis.org","983666340","VQD17YSJ6BP"),(420205383,"Ella","1956-04-30","venenatis.lacus.Etiam@egestas.com","929484556","QPL16NXK3KB"),(420205384,"Brett","1973-02-16","risus.Quisque@orci.edu","965871402","FRX97CVT5XA"),(420205385,"Germane","1978-09-06","Nulla.tincidunt.neque@Fusce.edu","289058726","NUJ23GRB1UQ"),(420205386,"Quynn","1978-05-11","in.sodales@temporbibendum.net","215502822","GMJ82XAA4FZ"),(420205387,"Dexter","1948-09-21","Nunc@Vestibulum.edu","297839635","XCJ54XBE3SC"),(420205388,"Vivien","1993-11-08","nunc.risus@elit.ca","241836149","MKJ57IRS6SH"),(420205389,"Yoko","1968-08-19","porttitor.interdum@dui.co.uk","248917393","NKE35CDD7OV"),(420205390,"Tasha","1978-07-18","elit@ac.ca","932073595","SCT75KMZ5HO"),(420205391,"Nina","1962-07-24","sem@egestas.com","274529025","AYE22ISN6ZC");
--SELECT * FROM Person;


INSERT INTO Customer (customerNIF) VALUES (742045342),(742045343),(742045344),(742045345),(742045346),(742045347),(742045348),(742045349),(742045350),(742045351);
INSERT INTO Customer (customerNIF) VALUES (742045352),(742045353),(742045354),(742045355),(742045356),(742045357),(742045358),(742045359),(742045360),(742045361);
INSERT INTO Customer (customerNIF) VALUES (742045362),(742045363),(742045364),(742045365),(742045366),(742045367),(742045368),(742045369),(742045370),(742045371);
INSERT INTO Customer (customerNIF) VALUES (742045372),(742045373),(742045374),(742045375),(742045376),(742045377),(742045378),(742045379),(742045380),(742045381);
INSERT INTO Customer (customerNIF) VALUES (742045382),(742045383),(742045384),(742045385),(742045386),(742045387),(742045388),(742045389),(742045390),(742045391);
--SELECT * FROM Customer;


INSERT INTO Driver (driverNIF,start_date,ss_number,rating_average) VALUES (420205342,"2016-11-25",21715040225,-1),(420205343,"2014-01-25",70935725271,-1),(420205344,"2020-04-06",19759358274,-1),(420205345,"2018-08-28",82857355605,-1),(420205346,"2013-11-12",45468459506,-1),(420205347,"2013-06-09",45465712505,-1),(420205348,"2016-12-11",71845101793,-1),(420205349,"2014-07-20",65508924298,-1),(420205350,"2013-08-13",21175333042,-1),(420205351,"2017-10-29",64753385917,-1);
INSERT INTO Driver (driverNIF,start_date,ss_number,rating_average) VALUES (420205352,"2013-12-09",11834863815,-1),(420205353,"2014-08-08",99824345861,-1),(420205354,"2016-04-25",62694808896,-1),(420205355,"2015-04-16",20029680477,-1),(420205356,"2018-12-31",11009018826,-1),(420205357,"2017-02-04",51865075426,-1),(420205358,"2011-10-07",72718338188,-1),(420205359,"2012-01-16",86437916969,-1),(420205360,"2019-03-13",14019578043,-1),(420205361,"2010-06-04",91788112754,-1);
INSERT INTO Driver (driverNIF,start_date,ss_number,rating_average) VALUES (420205362,"2011-03-28",31352734589,-1),(420205363,"2015-09-02",53945285971,-1),(420205364,"2018-05-10",62777894008,-1),(420205365,"2010-11-15",60537224290,-1),(420205366,"2010-07-08",68977387095,-1),(420205367,"2015-04-13",73286821618,-1),(420205368,"2018-04-21",94884850634,-1),(420205369,"2012-04-01",14737246735,-1),(420205370,"2017-01-03",48050578790,-1),(420205371,"2019-02-22",51595071400,-1);
INSERT INTO Driver (driverNIF,start_date,ss_number,rating_average) VALUES (420205372,"2015-08-01",66492616157,-1),(420205373,"2017-01-11",14440986649,-1),(420205374,"2012-02-19",39315888481,-1),(420205375,"2019-11-05",68212355244,-1),(420205376,"2018-02-24",54805978136,-1),(420205377,"2019-07-12",91590557624,-1),(420205378,"2010-09-27",88417311157,-1),(420205379,"2018-03-15",55809058551,-1),(420205380,"2012-11-16",38012993927,-1),(420205381,"2018-10-11",98441491262,-1);
INSERT INTO Driver (driverNIF,start_date,ss_number,rating_average) VALUES (420205382,"2017-01-24",64109141482,-1),(420205383,"2014-12-03",33479131725,-1),(420205384,"2016-06-10",54232527380,-1),(420205385,"2015-10-12",92903194464,-1),(420205386,"2013-07-06",19183303052,-1),(420205387,"2013-03-28",87584102121,-1),(420205388,"2013-05-04",37991269459,-1),(420205389,"2011-03-08",83474479597,-1),(420205390,"2017-11-13",92065906627,-1),(420205391,"2014-06-26",23484255215,-1);
--SELECT * FROM Driver;


INSERT INTO Team (driverNIF,leaderNIF) VALUES (420205342,420205382),(420205343,420205388),(420205344,420205382),(420205345,420205382),(420205346,420205383),(420205347,420205391),(420205348,420205390),(420205349,420205391),(420205350,420205386),(420205351,420205383);
INSERT INTO Team (driverNIF,leaderNIF) VALUES (420205352,420205387),(420205353,420205384),(420205354,420205391),(420205355,420205390),(420205356,420205387),(420205357,420205384),(420205358,420205387),(420205359,420205385),(420205360,420205385),(420205361,420205384);
INSERT INTO Team (driverNIF,leaderNIF) VALUES (420205362,420205386),(420205363,420205389),(420205364,420205386),(420205365,420205386),(420205366,420205386),(420205367,420205384),(420205368,420205383),(420205369,420205388),(420205370,420205383),(420205371,420205386);
INSERT INTO Team (driverNIF,leaderNIF) VALUES (420205372,420205386),(420205373,420205389),(420205374,420205387),(420205375,420205389),(420205376,420205387),(420205377,420205383),(420205378,420205385),(420205379,420205386),(420205380,420205386),(420205381,420205387);
--SELECT * FROM Team;


INSERT INTO Vehicle (license_plate,make,model) VALUES ("ZU-56-93","Ferrari","Atenolol"),("65-21-JU","Buick","Amoxicillin"),("AJ-12-94","Lexus","Digoxin"),("13-10-KR","Skoda","Carvedilol"),("32-ZL-23","Daimler","Digoxin"),("51-WH-75","Vauxhall","Singulair"),("44-VB-03","Isuzu","Prednisone"),("BI-29-66","Ferrari","Lantus"),("31-IQ-16","Fiat","Klor-Con M20"),("35-75-WC","FAW","Amlodipine Besylate");
INSERT INTO Vehicle (license_plate,make,model) VALUES ("HY-81-91","Volkswagen","LevothyroxineSodium"),("SU-86-12","Kenworth","Azithromycin"),("06-53-FC","Dongfeng Motor","Sertraline HCl"),("96-67-KH","Citroën","Advair Diskus"),("10-59-WD","Daimler","Tramadol HCl"),("59-QP-95","Dodge","Cymbalta"),("04-CI-53","Lincoln","Cialis"),("EL-81-87","GMC","Amlodipine Besylate"),("FE-05-31","Smart","Pravastatin Sodium"),("ZT-20-95","Ferrari","Zetia");
INSERT INTO Vehicle (license_plate,make,model) VALUES ("36-68-KT","Toyota","Promethazine HCl"),("78-IJ-84","Infiniti","Tramadol HCl"),("LB-65-68","Dacia","Lorazepam"),("59-20-MX","Skoda","Naproxen"),("BR-08-00","Mitsubishi Motors","Doxycycline Hyclate"),("DC-10-81","Tata Motors","Tri-Sprintec"),("08-05-JY","Seat","Diovan"),("53-BA-05","Dongfeng Motor","Lantus"),("78-11-FD","Renault","Meloxicam"),("45-76-SI","Ford","Lorazepam");
INSERT INTO Vehicle (license_plate,make,model) VALUES ("OH-46-58","Audi","LevothyroxineSodium"),("IH-06-64","Daihatsu","Warfarin Sodium"),("76-MI-44","Lincoln","Ciprofloxacin HCl"),("58-VQ-17","Mitsubishi Motors","Benicar HCT"),("92-MJ-35","Acura","Carvedilol"),("UG-10-12","Fiat","Lisinopril/Hydrochlorothiazide"),("95-00-EU","Volvo","Lovaza"),("87-KG-28","Mitsubishi Motors","Metoprolol Succinate"),("93-28-QC","Mitsubishi Motors","Ventolin HFA"),("32-87-AZ","Lexus","Allopurinol");
INSERT INTO Vehicle (license_plate,make,model) VALUES ("56-26-IS","Mitsubishi Motors","Lisinopril/Hydrochlorothiazide"),("56-CL-74","Renault","Prednisone"),("66-19-YG","Buick","Carvedilol"),("MR-09-29","Renault","Simvastatin"),("58-IX-15","Nissan","Omeprazole (Rx)"),("JO-64-52","Suzuki","Prednisone"),("28-67-QG","Toyota","Amoxicillin Trihydrate/Potassium Clavulanate"),("OX-19-57","Volkswagen","Sertraline HCl"),("85-69-RG","RAM Trucks","Actos"),("82-31-MS","Chrysler","Pantoprazole Sodium");
INSERT INTO Vehicle (license_plate,make,model) VALUES ("45-89-KA","Ford","Triamterene/Hydrochlorothiazide"),("CX-91-93","Dodge","Nuvaring"),("PB-70-36","Lexus","Lorazepam"),("42-20-KA","Mahindra and Mahindra","Paroxetine HCl"),("RA-59-20","Smart","Venlafaxine HCl ER"),("11-XA-22","Mercedes-Benz","Cheratussin AC"),("MZ-27-93","Maruti Suzuki","Azithromycin"),("OM-25-29","Mercedes-Benz","Carisoprodol"),("05-KC-62","Maruti Suzuki","Levothyroxine Sodium"),("34-UY-26","Mahindra and Mahindra","Simvastatin");
INSERT INTO Vehicle (license_plate,make,model) VALUES ("UG-82-54","Mitsubishi Motors","Citalopram HBr"),("SG-85-83","Kenworth","Cephalexin"),("03-23-EL","Mahindra and Mahindra","TriNessa"),("36-94-DB","Lexus","Celebrex"),("04-IN-26","Dodge","Prednisone"),("EI-97-44","Lexus","Abilify"),("PK-96-48","Buick","Metoprolol Tartrate "),("78-WM-50","Dacia","Warfarin Sodium"),("RQ-00-80","Chevrolet","Promethazine HCl"),("36-TX-50","Daihatsu","Lisinopril");
INSERT INTO Vehicle (license_plate,make,model) VALUES ("12-DI-80","Smart","Amoxicillin"),("39-FN-88","Nissan","Potassium Chloride"),("HD-10-72","Buick","Benicar HCT"),("22-25-LU","Seat","Losartan Potassium"),("WU-37-78","MINI","Vitamin D (Rx)"),("56-ER-47","Isuzu","Zolpidem Tartrate"),("AV-42-72","Nissan","LevothyroxineSodium"),("DR-62-08","Peugeot","Amoxicillin"),("89-SL-76","Fiat","Enalapril Maleate"),("MP-57-49","Toyota","Amoxicillin");
INSERT INTO Vehicle (license_plate,make,model) VALUES ("YQ-43-14","Citroën","Promethazine HCl"),("CA-26-68","Honda","Actos"),("06-DQ-96","Honda","Alprazolam"),("51-SX-25","Maruti Suzuki","Simvastatin"),("91-CV-87","Renault","Premarin"),("KJ-66-29","Fiat","Amlodipine Besylate"),("EV-82-93","Daimler","Viagra"),("01-33-AD","Volvo","Ciprofloxacin HCl"),("72-PE-24","Nissan","Simvastatin"),("84-CG-98","JLR","Cyclobenzaprin HCl");
INSERT INTO Vehicle (license_plate,make,model) VALUES ("RZ-98-45","Maruti Suzuki","Omeprazole (Rx)"),("48-CR-80","Fiat","Hydrochlorothiazide"),("GK-15-20","RAM Trucks","Cymbalta"),("MB-05-84","JLR","Risperidone"),("81-14-FD","Lincoln","Lorazepam"),("11-12-KV","Subaru","Citalopram HBr"),("08-SP-10","Chrysler","Fluticasone Propionate"),("54-QO-18","Isuzu","Advair Diskus"),("ZO-45-48","Skoda","Prednisone"),("58-85-RB","Tata Motors","Lorazepam");
--SELECT * FROM Vehicle;


--SELECT name FROM Person JOIN Driver WHERE NIF = driverNIF;

INSERT INTO Demand(DemandID, date, delivery_fee, price, driverNIF) VALUES (1,"01-01-01",1,2,420205342);
INSERT INTO Demand(DemandID, date, delivery_fee, price, driverNIF) VALUES (2,"01-01-01",1,2,420205352);
INSERT INTO Demand(DemandID, date, delivery_fee, price, driverNIF) VALUES (3,"01-01-01",1,2,420205362);
INSERT INTO Demand(DemandID, date, delivery_fee, price, driverNIF) VALUES (4,"01-01-01",1,2,420205342);
INSERT INTO Demand(DemandID, date, delivery_fee, price, driverNIF) VALUES (5,"01-01-01",1,2,420205352);
INSERT INTO Demand(DemandID, date, delivery_fee, price, driverNIF) VALUES (6,"01-01-01",1,2,420205362);

--SELECT * FROM Demand;

INSERT INTO Review(reviewID, rating, demandID) VALUES(1,1,1);
INSERT INTO Review(reviewID, rating, demandID) VALUES(2,5,2);
INSERT INTO Review(reviewID, rating, demandID) VALUES(3,4,3);
INSERT INTO Review(reviewID, rating, demandID) VALUES(4,3,4);
INSERT INTO Review(reviewID, rating, demandID) VALUES(5,5,5);
INSERT INTO Review(reviewID, rating, demandID) VALUES(6,4,6);