PRAGMA foreign_keys = ON;
PRAGMA encoding = "UTF-8";

/*----------------------------VALUE INSERTIONS-----------------------------*/

INSERT INTO Person (NIF,name,birth_date,email,phone,password) VALUES (873921262,"Jacob","1965-09-15","mi.fringilla@urnaNullam.ca","961328303","ENA51FSW8DQ"),(279578726,"Shad","1968-11-20","fermentum@nonsapienmolestie.co.uk","982212979","QMJ55FLK7YM"),(520227429,"Shafira","1998-04-08","interdum.Nunc.sollicitudin@pedeNuncsed.org","966930702","LOG76GWL9BC"),(411920674,"Nicholas","1952-04-21","nascetur.ridiculus@enimnonnisi.net","237086657","SLV20SGA8XX"),(335210975,"Raven","1993-06-10","Mauris.vel@risusNullaeget.com","207592151","MYP23ULY4GH"),(514779307,"Oliver","1964-10-15","consequat@nislQuisque.com","928646230","TEI05HIJ8RH"),(768653688,"Ashton","1961-11-27","rutrum@vitae.com","281468510","UXL31SVD8NY"),(358887429,"Bevis","1963-10-27","a@vitaeposuere.co.uk","912462660","ITI64FXM9JB"),(742917563,"Russell","1976-07-15","non.hendrerit@necmauris.edu","269719289","WLT56VNI1HP"),(492538366,"Joel","1966-08-25","tincidunt.orci@libero.com","966774572","RQL83VBY4SP");
INSERT INTO Person (NIF,name,birth_date,email,phone,password) VALUES (431000518,"Galvin","1990-04-08","Quisque.ac.libero@metusurna.co.uk","206846560","SBX47QRT3AX"),(691427753,"Walter","1942-11-12","Sed.dictum@nonummy.ca","987771945","LLN77QLN2RS"),(707003839,"Vernon","1963-10-10","molestie@sitamet.org","991242611","YQP66PAI4OC"),(268546757,"Leah","1989-01-30","dignissim.pharetra.Nam@pharetrafelis.ca","974728682","PTA59SFN2NK"),(843046529,"Joel","1979-11-02","Nunc.ullamcorper.velit@sem.ca","935654944","PSZ94HIA5CP"),(648928096,"Mariko","1971-09-27","Suspendisse.aliquet@tristique.co.uk","942718246","YPH56QKU6WT"),(162231719,"Jermaine","1978-04-23","non.leo@venenatis.net","223154008","LIX59AZO6DO"),(512506114,"Graham","1956-12-06","vitae@sagittisNullam.com","279632816","FDQ92YHG6DX"),(253043698,"Fritz","1986-12-08","ipsum.primis.in@cursuset.edu","932075987","FIB13BJW5MF"),(346576683,"Mona","1987-11-14","mollis@porttitor.co.uk","971205332","HLM58TZE3RD");
INSERT INTO Person (NIF,name,birth_date,email,phone,password) VALUES (474160997,"Otto","1960-04-09","turpis@mauris.co.uk","224690542","PZW70GDK1FO"),(447472586,"Jana","1956-12-15","eu@laoreetipsumCurabitur.org","294446573","TVC36LED3IT"),(871755855,"Quin","1997-12-21","lorem.fringilla.ornare@Quisquetinciduntpede.co.uk","297978343","ZZP89FVL1BF"),(592043942,"Colby","1951-11-13","nec@lacus.co.uk","921969558","FTZ61SRO0LA"),(844836068,"Dalton","1972-09-10","libero.Morbi.accumsan@luctusvulputate.co.uk","250504939","KRS09EOM1YL"),(885022696,"Salvador","1976-01-30","Praesent.eu.nulla@pretiumet.org","967428236","GUM80WBA2HH"),(287717719,"Mohammad","1946-02-18","malesuada.fames@vitaevelit.co.uk","246693774","JQB74JGW8WO"),(587213869,"Hanae","1994-09-09","orci.in.consequat@quispedeSuspendisse.co.uk","235091011","UNJ53BTG1RT"),(843969802,"Ali","1945-10-04","venenatis.a.magna@volutpatNulla.edu","906484196","OFK26ZTN9CF"),(301486222,"Hedwig","1944-11-10","tristique.pellentesque.tellus@Sed.com","293021848","VVZ44PKJ8FE");
INSERT INTO Person (NIF,name,birth_date,email,phone,password) VALUES (382183201,"Mari","1995-08-22","pede@Aliquamfringillacursus.org","237807224","CQH52SPU6AL"),(983684196,"Clarke","1943-09-11","Duis.risus.odio@faucibusutnulla.org","206817964","PGJ45NHV6DI"),(395576787,"Raymond","1952-12-14","arcu.Nunc.mauris@Etiamgravida.ca","221232094","URN07SHN2HK"),(531090423,"Rebecca","1968-08-10","dui@Fuscealiquet.com","922537841","BVS43LLQ4UC"),(921661891,"Aline","1989-11-19","nunc.In.at@vulputatemaurissagittis.org","259714382","VIH44SXC5OQ"),(648130599,"Chaim","1966-01-07","Cras.dictum@pharetraQuisqueac.net","934130559","ADQ84QHA4WX"),(428954611,"Alec","1952-08-13","vitae@urna.net","208567134","YGP57IMJ2DE"),(698118197,"Jorden","1974-12-05","magna.a@gravida.net","244721490","FLF88WXQ8GW"),(126903973,"Halee","1992-04-25","Sed.neque.Sed@odiosagittis.edu","980308653","FOU71GRE5MK"),(938134579,"Keane","1955-09-05","dignissim.Maecenas.ornare@SuspendisseeleifendCras.org","971942552","JYL89YZY1EP");
INSERT INTO Person (NIF,name,birth_date,email,phone,password) VALUES (369476046,"Echo","1981-07-03","nunc.nulla@egestasrhoncusProin.com","224250015","CJT25FBN6XB"),(599178914,"Gavin","1969-12-18","accumsan@aliquetProinvelit.net","222556245","PDU57FKN3VB"),(496265176,"Wylie","1952-08-02","Nam.ligula@bibendumDonecfelis.co.uk","914569013","HSV86JVX7DE"),(249687170,"Thor","2000-05-14","et.eros@cursusluctus.net","299746257","GNP93KPC4NA"),(499050546,"Macaulay","1993-03-08","dui.semper.et@fringillaornareplacerat.edu","223820013","HVC79GYS7WP"),(448328613,"Talon","1948-01-03","enim.condimentum@mollisDuissit.co.uk","995159928","KEI36PZO5KQ"),(133358654,"Graham","1979-06-23","venenatis.vel@felisNullatempor.ca","263582210","WEM58AKY2PY"),(852266389,"Brooke","1975-09-30","Fusce.mi@ut.com","261965015","QJP28LDH5MP"),(477731170,"Ashton","1976-08-07","sodales.nisi.magna@risusDonecegestas.edu","953059023","TUE25VFY5AZ"),(759673622,"Patricia","1976-08-25","Phasellus.fermentum.convallis@dolorelitpellentesque.ca","904550918","YDB19XDH3OT");
INSERT INTO Person (NIF,name,birth_date,email,phone,password) VALUES (420205342,"Kane","2000-03-05","auctor@nonummyut.co.uk","951602285","JHJ05JBR5LA"),(420205343,"Heather","1953-07-20","mollis.Duis@metusVivamus.net","978811766","DQS04ESY7GH"),(420205344,"Mechelle","1950-12-10","eu.accumsan@ridiculusmus.co.uk","267907874","APS82KAR9BU"),(420205345,"Kennan","1964-09-18","est@aliquetProinvelit.net","985437188","SLA11JPK6SS"),(420205346,"Kyle","1989-06-28","vitae@milacinia.com","220021445","PHA33OSP2ZS"),(420205347,"Lillian","1942-12-26","diam.lorem.auctor@nonluctus.ca","220457056","NQA17TOG4ZL"),(420205348,"Aphrodite","1956-12-27","amet.diam@semNulla.edu","971140589","CJV86DWI4XR"),(420205349,"Ezekiel","1976-06-23","nec@Fuscemi.co.uk","932531077","URI93DQJ7UR"),(420205350,"Susan","1978-04-21","consectetuer.adipiscing@famesacturpis.org","958433867","MLC51NCY5SJ"),(420205351,"Wade","1958-12-08","dolor@semmollisdui.com","994585156","JLA58QXN5MZ");
INSERT INTO Person (NIF,name,birth_date,email,phone,password) VALUES (420205352,"Anjolie","1948-11-17","velit.Sed@Mauris.com","282171035","TRR99UKZ1TV"),(420205353,"Pearl","1985-08-02","Donec.fringilla@augue.ca","907228417","QUX08YUD3LS"),(420205354,"Roth","1975-01-13","Praesent@eget.edu","267118461","ROO43YUI1YI"),(420205355,"Chloe","1952-02-22","lorem.ac.risus@massanonante.edu","223627103","DFZ70MKC9BB"),(420205356,"Ryan","1995-12-12","est.tempor@mi.com","943125442","FSX37RZJ8PP"),(420205357,"Rahim","1963-09-27","ipsum@Nunc.edu","911565362","NBU69BBY8UE"),(420205358,"Gisela","1971-04-30","auctor@estarcuac.co.uk","947067582","LGO16WFH7BQ"),(420205359,"Allistair","1961-06-02","Mauris.vel.turpis@aneque.net","210948749","KAW44RCW3MP"),(420205360,"Kelly","1973-02-12","turpis.In@tempuseuligula.ca","265210349","AHD72SSH3CE"),(420205361,"Macon","1949-10-25","ultrices.iaculis@sociis.edu","913746033","GUE22ELH2GP");
INSERT INTO Person (NIF,name,birth_date,email,phone,password) VALUES (420205362,"Nicholas","1977-11-08","rhoncus@cursuspurusNullam.org","204347256","DXG67BOY4VC"),(420205363,"Noelle","1976-02-01","tortor@sem.ca","920871588","WOC64UHO8LA"),(420205364,"Donovan","1961-09-20","blandit@gravida.ca","966003220","YKU56IQT6OI"),(420205365,"Amir","1978-07-20","egestas.urna@interdumfeugiat.org","239750332","ULM64TQS2TZ"),(420205366,"Julian","1983-02-12","cursus.et.magna@iaculisnec.ca","994456973","LDK93MFZ3TB"),(420205367,"Damian","1988-08-20","cursus.et@disparturientmontes.com","925452754","BFQ29NIS5LT"),(420205368,"Nita","1984-11-19","Lorem.ipsum.dolor@non.org","229401219","UJE39XLW9AJ"),(420205369,"Barrett","1961-08-24","lacus.Cras.interdum@nequenonquam.ca","918489324","YGN50KCA8NR"),(420205370,"Yuli","1948-03-17","magna.nec@parturientmontes.edu","236597578","SHS75VZR9OS"),(420205371,"Jacqueline","1987-05-20","penatibus.et@Nunc.org","956355545","NGM55QBE0HO");
INSERT INTO Person (NIF,name,birth_date,email,phone,password) VALUES (420205372,"Keith","1966-10-28","mauris.rhoncus.id@ac.com","984745117","JFG83NSL7RU"),(420205373,"Gail","1974-05-26","penatibus.et@mi.ca","941174852","DJY59ZAD7IU"),(420205374,"August","1947-01-05","auctor.ullamcorper@egestasSed.edu","210704678","JOB71EAM4HJ"),(420205375,"Fulton","1971-07-10","Duis@Curabiturut.com","920474411","PEB88QAZ7KV"),(420205376,"Cora","1952-07-09","accumsan.convallis@auguemalesuada.net","934714105","XFG93NFT6DR"),(420205377,"Demetria","1943-03-03","Praesent.eu.dui@nec.ca","942864136","SZX65ULV8ZI"),(420205378,"Hilda","1994-04-26","porttitor@vestibulum.edu","913190831","ICV75LVX3BC"),(420205379,"Phelan","1960-11-14","sed.dui.Fusce@arcu.co.uk","999228107","BZJ66IIQ8CB"),(420205380,"Lyle","1963-02-25","Curae.Donec@primisinfaucibus.com","239226418","NHG84OTN0DO"),(420205381,"Priscilla","1944-07-18","pede.Praesent@odiotristiquepharetra.net","225219106","YXJ58QOX9EG");
INSERT INTO Person (NIF,name,birth_date,email,phone,password) VALUES (420205382,"Jorden","1973-12-17","amet.lorem.semper@mollis.org","983666340","VQD17YSJ6BP"),(420205383,"Ella","1956-04-30","venenatis.lacus.Etiam@egestas.com","929484556","QPL16NXK3KB"),(420205384,"Brett","1973-02-16","risus.Quisque@orci.edu","965871402","FRX97CVT5XA"),(420205385,"Germane","1978-09-06","Nulla.tincidunt.neque@Fusce.edu","289058726","NUJ23GRB1UQ"),(420205386,"Quynn","1978-05-11","in.sodales@temporbibendum.net","215502822","GMJ82XAA4FZ"),(420205387,"Dexter","1948-09-21","Nunc@Vestibulum.edu","297839635","XCJ54XBE3SC"),(420205388,"Vivien","1993-11-08","nunc.risus@elit.ca","241836149","MKJ57IRS6SH"),(420205389,"Yoko","1968-08-19","porttitor.interdum@dui.co.uk","248917393","NKE35CDD7OV"),(420205390,"Tasha","1978-07-18","elit@ac.ca","932073595","SCT75KMZ5HO"),(420205391,"Nina","1962-07-24","sem@egestas.com","274529025","AYE22ISN6ZC");
--SELECT * FROM Person;


INSERT INTO Customer (customerNIF) VALUES (873921262),(279578726),(520227429),(411920674),(335210975),(514779307),(768653688),(358887429),(742917563),(492538366);
INSERT INTO Customer (customerNIF) VALUES (431000518),(691427753),(707003839),(268546757),(843046529),(648928096),(162231719),(512506114),(253043698),(346576683);
INSERT INTO Customer (customerNIF) VALUES (474160997),(447472586),(871755855),(592043942),(844836068),(885022696),(287717719),(587213869),(843969802),(301486222);
INSERT INTO Customer (customerNIF) VALUES (382183201),(983684196),(395576787),(531090423),(921661891),(648130599),(428954611),(698118197),(126903973),(938134579);
INSERT INTO Customer (customerNIF) VALUES (369476046),(599178914),(496265176),(249687170),(499050546),(448328613),(133358654),(852266389),(477731170),(759673622);
--SELECT * FROM Customer;


INSERT INTO Driver (driverNIF,start_date,ss_number,rating_average) VALUES (420205342,"2016-11-25",21715040225,-1),(420205343,"2014-01-25",70935725271,-1),(420205344,"2020-04-06",19759358274,-1),(420205345,"2018-08-28",82857355605,-1),(420205346,"2013-11-12",45468459506,-1),(420205347,"2013-06-09",45465712505,-1),(420205348,"2016-12-11",71845101793,-1),(420205349,"2014-07-20",65508924298,-1),(420205350,"2013-08-13",21175333042,-1),(420205351,"2017-10-29",64753385917,-1);
INSERT INTO Driver (driverNIF,start_date,ss_number,rating_average) VALUES (420205352,"2013-12-09",11834863815,-1),(420205353,"2014-08-08",99824345861,-1),(420205354,"2016-04-25",62694808896,-1),(420205355,"2015-04-16",20029680477,-1),(420205356,"2018-12-31",11009018826,-1),(420205357,"2017-02-04",51865075426,-1),(420205358,"2011-10-07",72718338188,-1),(420205359,"2012-01-16",86437916969,-1),(420205360,"2019-03-13",14019578043,-1),(420205361,"2010-06-04",91788112754,-1);
INSERT INTO Driver (driverNIF,start_date,ss_number,rating_average) VALUES (420205362,"2011-03-28",31352734589,-1),(420205363,"2015-09-02",53945285971,-1),(420205364,"2018-05-10",62777894008,-1),(420205365,"2010-11-15",60537224290,-1),(420205366,"2010-07-08",68977387095,-1),(420205367,"2015-04-13",73286821618,-1),(420205368,"2018-04-21",94884850634,-1),(420205369,"2012-04-01",14737246735,-1),(420205370,"2017-01-03",48050578790,-1),(420205371,"2019-02-22",51595071400,-1);
INSERT INTO Driver (driverNIF,start_date,ss_number,rating_average) VALUES (420205372,"2015-08-01",66492616157,-1),(420205373,"2017-01-11",14440986649,-1),(420205374,"2012-02-19",39315888481,-1),(420205375,"2019-11-05",68212355244,-1),(420205376,"2018-02-24",54805978136,-1),(420205377,"2019-07-12",91590557624,-1),(420205378,"2010-09-27",88417311157,-1),(420205379,"2018-03-15",55809058551,-1),(420205380,"2012-11-16",38012993927,-1),(420205381,"2018-10-11",98441491262,-1);
INSERT INTO Driver (driverNIF,start_date,ss_number,rating_average) VALUES (420205382,"2017-01-24",64109141482,-1),(420205383,"2014-12-03",33479131725,-1),(420205384,"2016-06-10",54232527380,-1),(420205385,"2015-10-12",92903194464,-1),(420205386,"2013-07-06",19183303052,-1),(420205387,"2013-03-28",87584102121,-1),(420205388,"2013-05-04",37991269459,-1),(420205389,"2011-03-08",83474479597,-1),(420205390,"2017-11-13",92065906627,-1),(420205391,"2014-06-26",23484255215,-1);
--SELECT * FROM Driver;


INSERT INTO Team (driverNIF,leaderNIF) VALUES (420205342,420205382),(420205343,420205388),(420205344,420205382),(420205345,420205382),(420205346,420205383),(420205347,420205391),(420205348,420205390),(420205349,420205391),(420205350,420205386),(420205351,420205383);
INSERT INTO Team (driverNIF,leaderNIF) VALUES (420205352,420205387),(420205353,420205384),(420205354,420205391),(420205355,420205390),(420205356,420205387),(420205357,420205384),(420205358,420205387),(420205359,420205385),(420205360,420205385),(420205361,420205384);
INSERT INTO Team (driverNIF,leaderNIF) VALUES (420205362,420205386),(420205363,420205389),(420205364,420205386),(420205365,420205386),(420205366,420205386),(420205367,420205384),(420205368,420205383),(420205369,420205388),(420205370,420205383),(420205371,420205386);
INSERT INTO Team (driverNIF,leaderNIF) VALUES (420205372,420205386),(420205373,420205389),(420205374,420205387),(420205375,420205389),(420205376,420205387),(420205377,420205383),(420205378,420205385),(420205379,420205386),(420205380,420205386),(420205381,420205387);
--SELECT * FROM Team;


INSERT INTO Vehicle (license_plate,make,model) VALUES ("ZU-56-93","Ferrari","Atenolol"),("65-21-JU","Buick","Amoxicillin"),("AJ-12-94","Lexus","Digoxin"),("13-10-KR","Skoda","Carvedilol"),("32-ZL-23","Daimler","Digoxin"),("51-WH-75","Vauxhall","Singulair"),("44-VB-03","Isuzu","Prednisone"),("BI-29-66","Ferrari","Lantus"),("31-IQ-16","Fiat","Klor-Con M20"),("35-75-WC","FAW","Amlodipine Besylate");
INSERT INTO Vehicle (license_plate,make,model) VALUES ("HY-81-91","Volkswagen","LevothyroxineSodium"),("SU-86-12","Kenworth","Azithromycin"),("06-53-FC","Dongfeng Motor","Sertraline HCl"),("96-67-KH","Citroën","Advair Diskus"),("10-59-WD","Daimler","Tramadol HCl"),("59-QP-95","Dodge","Cymbalta"),("04-CI-53","Lincoln","Cialis"),("EL-81-87","GMC","Amlodipine Besylate"),("FE-05-31","Smart","Pravastatin Sodium"),("ZT-20-95","Ferrari","Zetia");
INSERT INTO Vehicle (license_plate,make,model) VALUES ("36-68-KT","Toyota","Promethazine HCl"),("78-IJ-84","Infiniti","Tramadol HCl"),("LB-65-68","Dacia","Lorazepam"),("59-20-MX","Skoda","Naproxen"),("BR-08-00","Mitsubishi Motors","Doxycycline Hyclate"),("DC-10-81","Tata Motors","Tri-Sprintec"),("08-05-JY","Seat","Diovan"),("53-BA-05","Dongfeng Motor","Lantus"),("78-11-FD","Renault","Meloxicam"),("45-76-SI","Ford","Lorazepam");
INSERT INTO Vehicle (license_plate,make,model) VALUES ("OH-46-58","Audi","LevothyroxineSodium"),("IH-06-64","Daihatsu","Warfarin Sodium"),("76-MI-44","Lincoln","Ciprofloxacin HCl"),("58-VQ-17","Mitsubishi Motors","Benicar HCT"),("92-MJ-35","Acura","Carvedilol"),("UG-10-12","Fiat","Lisinopril/Hydrochlorothiazide"),("95-00-EU","Volvo","Lovaza"),("87-KG-28","Mitsubishi Motors","Metoprolol Succinate"),("93-28-QC","Mitsubishi Motors","Ventolin HFA"),("32-87-AZ","Lexus","Allopurinol");
INSERT INTO Vehicle (license_plate,make,model) VALUES ("56-26-IS","Mitsubishi Motors","Lisinopril/Hydrochlorothiazide"),("56-CL-74","Renault","Prednisone"),("66-19-YG","Buick","Carvedilol"),("MR-09-29","Renault","Simvastatin"),("58-IX-15","Nissan","Omeprazole (Rx)"),("JO-64-52","Suzuki","Prednisone"),("28-67-QG","Toyota","Amoxicillin Trihydrate/Potassium Clavulanate"),("OX-19-57","Volkswagen","Sertraline HCl"),("85-69-RG","RAM Trucks","Actos"),("82-31-MS","Chrysler","Pantoprazole Sodium");
INSERT INTO Vehicle (license_plate,make,model) VALUES ("45-89-KA","Ford","Triamterene/Hydrochlorothiazide"),("CX-91-93","Dodge","Nuvaring"),("PB-70-36","Lexus","Lorazepam"),("42-20-KA","Mahindra and Mahindra","Paroxetine HCl"),("RA-59-20","Smart","Venlafaxine HCl ER"),("11-XA-22","Mercedes-Benz","Cheratussin AC"),("MZ-27-93","Maruti Suzuki","Azithromycin"),("OM-25-29","Mercedes-Benz","Carisoprodol"),("05-KC-62","Maruti Suzuki","Levothyroxine Sodium"),("34-UY-26","Mahindra and Mahindra","Simvastatin");
INSERT INTO Vehicle (license_plate,make,model) VALUES ("UG-82-54","Mitsubishi Motors","Citalopram HBr"),("SG-85-83","Kenworth","Cephalexin"),("03-23-EL","Mahindra and Mahindra","TriNessa"),("36-94-DB","Lexus","Celebrex"),("04-IN-26","Dodge","Prednisone"),("EI-97-44","Lexus","Abilify"),("PK-96-48","Buick","Metoprolol Tartrate "),("78-WM-50","Dacia","Warfarin Sodium"),("RQ-00-80","Chevrolet","Promethazine HCl"),("36-TX-50","Daihatsu","Lisinopril");
INSERT INTO Vehicle (license_plate,make,model) VALUES ("12-DI-80","Smart","Amoxicillin"),("39-FN-88","Nissan","Potassium Chloride"),("HD-10-72","Buick","Benicar HCT"),("22-25-LU","Seat","Losartan Potassium"),("WU-37-78","MINI","Vitamin D (Rx)"),("56-ER-47","Isuzu","Zolpidem Tartrate"),("AV-42-72","Nissan","LevothyroxineSodium"),("DR-62-08","Peugeot","Amoxicillin"),("89-SL-76","Fiat","Enalapril Maleate"),("MP-57-49","Toyota","Amoxicillin");
INSERT INTO Vehicle (license_plate,make,model) VALUES ("YQ-43-14","Citroën","Promethazine HCl"),("CA-26-68","Honda","Actos"),("06-DQ-96","Honda","Alprazolam"),("51-SX-25","Maruti Suzuki","Simvastatin"),("91-CV-87","Renault","Premarin"),("KJ-66-29","Fiat","Amlodipine Besylate"),("EV-82-93","Daimler","Viagra"),("01-33-AD","Volvo","Ciprofloxacin HCl"),("72-PE-24","Nissan","Simvastatin"),("84-CG-98","JLR","Cyclobenzaprin HCl");
INSERT INTO Vehicle (license_plate,make,model) VALUES ("RZ-98-45","Maruti Suzuki","Omeprazole (Rx)"),("48-CR-80","Fiat","Hydrochlorothiazide"),("GK-15-20","RAM Trucks","Cymbalta"),("MB-05-84","JLR","Risperidone"),("81-14-FD","Lincoln","Lorazepam"),("11-12-KV","Subaru","Citalopram HBr"),("08-SP-10","Chrysler","Fluticasone Propionate"),("54-QO-18","Isuzu","Advair Diskus"),("ZO-45-48","Skoda","Prednisone"),("58-85-RB","Tata Motors","Lorazepam");
--SELECT * FROM Vehicle;


--SELECT name FROM Person JOIN Driver WHERE NIF = driverNIF;

INSERT INTO Demand(DemandID, date, delivery_fee, price, driverNIF) VALUES (1,"01-01-01",1,2,420205342);
INSERT INTO Demand(DemandID, date, delivery_fee, price, driverNIF) VALUES (2,"01-01-01",1,2,420205352);
INSERT INTO Demand(DemandID, date, delivery_fee, price, driverNIF) VALUES (3,"01-01-01",1,2,420205362);
INSERT INTO Demand(DemandID, date, delivery_fee, price, driverNIF) VALUES (4,"01-01-01",1,2,420205342);
INSERT INTO Demand(DemandID, date, delivery_fee, price, driverNIF) VALUES (5,"01-01-01",1,2,420205352);
INSERT INTO Demand(DemandID, date, delivery_fee, price, driverNIF) VALUES (6,"01-01-01",1,2,420205362);

--SELECT * FROM Demand;

INSERT INTO Review(reviewID, rating, demandID) VALUES(1,1,1);
INSERT INTO Review(reviewID, rating, demandID) VALUES(2,5,2);
INSERT INTO Review(reviewID, rating, demandID) VALUES(3,4,3);
INSERT INTO Review(reviewID, rating, demandID) VALUES(4,3,4);
INSERT INTO Review(reviewID, rating, demandID) VALUES(5,5,5);
INSERT INTO Review(reviewID, rating, demandID) VALUES(6,4,6);